<!--
     foo2zjs driver
-->

<driver id="driver/foo2zjs">
    <name>foo2zjs</name>
    <url>http://foo2zjs.rkkda.com/</url>
    <execution>
	<filter />
	<prototype>foo2zjs-wrapper %A</prototype>
    </execution>
    <comments> <en>

	This is a driver developed for the Minolta magicolor 2300 DL
	network color laser printer.

	&lt;p&gt;
	
	This driver will also work for the HP LaserJet 1000, 1005,
	1018, 1020, 1022, P1102, P1566, P1606dn, P2035, and other
	Zenographics-based printers.

    </en> </comments>
    <printers>
	<printer><id>printer/KONICA_MINOLTA-magicolor_2430_DL</id></printer>
	<printer><id>printer/Minolta-magicolor_2430_DL</id></printer>
	<printer><id>printer/Minolta-magicolor_2300_DL</id></printer>
	<printer><id>printer/Minolta-magicolor_2200_DL</id></printer>
	<printer><id>printer/Minolta-Color_PageWorks_Pro_L</id></printer>
	<printer><id>printer/HP-LaserJet_1000</id></printer>
	<printer><id>printer/HP-LaserJet_1005</id></printer>
	<printer><id>printer/Generic-ZjStream_Printer</id></printer>
	<printer><id>printer/Generic-GDI_Printer</id></printer>
    </printers>
</driver>
