<option type="enum" id="opt/foo2hbpl2-MediaType">
    <!-- A multilingual <comments> block can appear here, too;
       it should be treated as documentation for the user. -->
    <arg_longname> <en>Media Type</en> </arg_longname>
    <arg_shortname> <en>MediaType</en> </arg_shortname>
    <arg_execution>
	<arg_group>General</arg_group>
	<arg_order>150</arg_order>
	<arg_spot>A</arg_spot>
	<arg_required />
	<arg_substitution />
	<arg_proto>-m%s </arg_proto>
    </arg_execution>
    <constraints>
	<constraint sense="true">
	<driver>foo2hbpl2</driver>
	<arg_defval>ev/foo2hbpl2-MediaType-1</arg_defval>
	</constraint>
    </constraints>
    <enum_vals>
	<enum_val id="ev/foo2hbpl2-MediaType-1">
	    <ev_longname> <en>Plain Paper</en> </ev_longname>
	    <ev_shortname> <en>plain</en> </ev_shortname>
	    <ev_driverval>1</ev_driverval>
	</enum_val>
	<enum_val id="ev/foo2hbpl2-MediaType-2">
	    <ev_longname> <en>Bond</en> </ev_longname>
	    <ev_shortname> <en>bond</en> </ev_shortname>
	    <ev_driverval>2</ev_driverval>
	</enum_val>
	<enum_val id="ev/foo2hbpl2-MediaType-3">
	    <ev_longname> <en>Light Weight Card</en> </ev_longname>
	    <ev_shortname> <en>lwcard</en> </ev_shortname>
	    <ev_driverval>3</ev_driverval>
	</enum_val>
	<enum_val id="ev/foo2hbpl2-MediaType-4">
	    <ev_longname> <en>Light Weight Glossy Card</en> </ev_longname>
	    <ev_shortname> <en>lwgcard</en> </ev_shortname>
	    <ev_driverval>4</ev_driverval>
	</enum_val>
	<enum_val id="ev/foo2hbpl2-MediaType-5">
	    <ev_longname> <en>Labels</en> </ev_longname>
	    <ev_shortname> <en>labels</en> </ev_shortname>
	    <ev_driverval>5</ev_driverval>
	</enum_val>
	<enum_val id="ev/foo2hbpl2-MediaType-6">
	    <ev_longname> <en>Envelope</en> </ev_longname>
	    <ev_shortname> <en>envelope</en> </ev_shortname>
	    <ev_driverval>6</ev_driverval>
	</enum_val>
	<enum_val id="ev/foo2hbpl2-MediaType-7">
	    <ev_longname> <en>Recycled Paper</en> </ev_longname>
	    <ev_shortname> <en>recycled</en> </ev_shortname>
	    <ev_driverval>7</ev_driverval>
	</enum_val>
	<enum_val id="ev/foo2hbpl2-MediaType-8">
	    <ev_longname> <en>Plain Paper Side 2</en> </ev_longname>
	    <ev_shortname> <en>plain2</en> </ev_shortname>
	    <ev_driverval>8</ev_driverval>
	</enum_val>
	<enum_val id="ev/foo2hbpl2-MediaType-9">
	    <ev_longname> <en>Bond Side 2</en> </ev_longname>
	    <ev_shortname> <en>bond2</en> </ev_shortname>
	    <ev_driverval>9</ev_driverval>
	</enum_val>
	<enum_val id="ev/foo2hbpl2-MediaType-10">
	    <ev_longname> <en>Light Weight Card Side 2</en> </ev_longname>
	    <ev_shortname> <en>lwcard2</en> </ev_shortname>
	    <ev_driverval>10</ev_driverval>
	</enum_val>
	<enum_val id="ev/foo2hbpl2-MediaType-11">
	    <ev_longname> <en>Light Weight Glossy Card Side 2</en></ev_longname>
	    <ev_shortname> <en>lwgcard2</en> </ev_shortname>
	    <ev_driverval>11</ev_driverval>
	</enum_val>
	<enum_val id="ev/foo2hbpl2-MediaType-12">
	    <ev_longname> <en>Recycled Paper Side 2</en> </ev_longname>
	    <ev_shortname> <en>recycled2</en> </ev_shortname>
	    <ev_driverval>12</ev_driverval>
	</enum_val>
    </enum_vals>
</option>
