<option type="enum" id="opt/foo2zjs-InputSlot">
    <!-- A multilingual <comments> block can appear here, too;
       it should be treated as documentation for the user. -->
    <arg_longname> <en>Media Source</en> </arg_longname>
    <arg_shortname> <en>InputSlot</en> </arg_shortname>
    <arg_execution>
        <arg_group>General</arg_group>
	<arg_order>150</arg_order>
	<arg_spot>A</arg_spot>
	<arg_required />
	<arg_substitution />
	<arg_proto>-s%s </arg_proto>
    </arg_execution>
    <constraints>
	<constraint sense="true">
	    <driver>foo2zjs</driver>
	    <arg_defval>ev/foo2zjs-InputSlot-7</arg_defval>
	</constraint>
	<constraint sense="true">
	    <driver>foo2zjs-z1</driver>
	    <arg_defval>ev/foo2zjs-InputSlot-7</arg_defval>
	</constraint>
	<constraint sense="true">
	    <driver>foo2zjs-z2</driver>
	    <arg_defval>ev/foo2zjs-InputSlot-7</arg_defval>
	</constraint>
	<constraint sense="true">
	    <driver>foo2zjs-z3</driver>
	    <arg_defval>ev/foo2zjs-InputSlot-7</arg_defval>
	</constraint>
    </constraints>
    <enum_vals>
	<enum_val id="ev/foo2zjs-InputSlot-1">
	    <ev_longname> <en>Upper or Only One InputSlot</en> </ev_longname>
	    <ev_shortname> <en>Upper</en> </ev_shortname>
	    <ev_driverval>1</ev_driverval>
	    <constraints>
		<constraint sense="false">
		    <printer>Minolta-magicolor_2200_DL</printer>
		</constraint>
		<constraint sense="false">
		    <printer>Minolta-magicolor_2300_DL</printer>
		</constraint>
		<constraint sense="false">
		    <printer>Minolta-magicolor_2430_DL</printer>
		</constraint>
		<constraint sense="false">
		    <printer>KONICA_MINOLTA-magicolor_2430_DL</printer>
		</constraint>
		<constraint sense="false">
		    <printer>Minolta-Color_PageWorks_Pro_L</printer>
		</constraint>
	    </constraints>
	</enum_val>
	<enum_val id="ev/foo2zjs-InputSlot-1-2X00">
	    <ev_longname> <en>Multipurpose Tray</en> </ev_longname>
	    <ev_shortname> <en>Multipurpose</en> </ev_shortname>
	    <ev_driverval>1</ev_driverval>
	    <constraints>
		<constraint sense="false">
		    <driver>foo2zjs</driver>
		</constraint>
		<constraint sense="false">
		    <driver>foo2zjs-z1</driver>
		</constraint>
		<constraint sense="false">
		    <driver>foo2zjs-z2</driver>
		</constraint>
		<constraint sense="false">
		    <driver>foo2zjs-z3</driver>
		</constraint>
		<constraint sense="true">
		    <printer>Minolta-magicolor_2200_DL</printer>
		</constraint>
		<constraint sense="true">
		    <printer>Minolta-magicolor_2300_DL</printer>
		</constraint>
		<constraint sense="true">
		    <printer>Minolta-magicolor_2430_DL</printer>
		</constraint>
		<constraint sense="true">
		    <printer>KONICA_MINOLTA-magicolor_2430_DL</printer>
		</constraint>
	    </constraints>
	</enum_val>
	<enum_val id="ev/foo2zjs-InputSlot-1-PageWorks">
	    <ev_longname> <en>Tray 1</en> </ev_longname>
	    <ev_shortname> <en>Tray1</en> </ev_shortname>
	    <ev_driverval>1</ev_driverval>
	    <constraints>
		<constraint sense="false">
		    <driver>foo2zjs</driver>
		</constraint>
		<constraint sense="false">
		    <driver>foo2zjs-z1</driver>
		</constraint>
		<constraint sense="false">
		    <driver>foo2zjs-z2</driver>
		</constraint>
		<constraint sense="false">
		    <driver>foo2zjs-z3</driver>
		</constraint>
		<constraint sense="true">
		    <printer>Minolta-Color_PageWorks_Pro_L</printer>
		</constraint>
	    </constraints>
	</enum_val>
	<enum_val id="ev/foo2zjs-InputSlot-2">
	    <ev_longname> <en>Lower Tray</en> </ev_longname>
	    <ev_shortname> <en>Lower</en> </ev_shortname>
	    <ev_driverval>2</ev_driverval>
	    <constraints>
		<constraint sense="false">
		    <printer>Minolta-magicolor_2200_DL</printer>
		</constraint>
		<constraint sense="false">
		    <printer>Minolta-magicolor_2300_DL</printer>
		</constraint>
		<constraint sense="false">
		    <printer>Minolta-magicolor_2430_DL</printer>
		</constraint>
		<constraint sense="false">
		    <printer>KONICA_MINOLTA-magicolor_2430_DL</printer>
		</constraint>
		<constraint sense="false">
		    <printer>Minolta-Color_PageWorks_Pro_L</printer>
		</constraint>
	    </constraints>
	</enum_val>
	<enum_val id="ev/foo2zjs-InputSlot-2-2200">
	    <ev_longname> <en>Upper Tray</en> </ev_longname>
	    <ev_shortname> <en>Upper</en> </ev_shortname>
	    <ev_driverval>2</ev_driverval>
	    <constraints>
		<constraint sense="false">
		    <driver>foo2zjs</driver>
		</constraint>
		<constraint sense="false">
		    <driver>foo2zjs-z1</driver>
		</constraint>
		<constraint sense="false">
		    <driver>foo2zjs-z2</driver>
		</constraint>
		<constraint sense="false">
		    <driver>foo2zjs-z3</driver>
		</constraint>
		<constraint sense="true">
		    <printer>Minolta-magicolor_2200_DL</printer>
		</constraint>
	    </constraints>
	</enum_val>
	<enum_val id="ev/foo2zjs-InputSlot-3">
	    <ev_longname> <en>Middle Tray</en> </ev_longname>
	    <ev_shortname> <en>Middle</en> </ev_shortname>
	    <ev_driverval>3</ev_driverval>
	    <constraints>
		<constraint sense="false">
		    <printer>Minolta-magicolor_2200_DL</printer>
		</constraint>
		<constraint sense="false">
		    <printer>Minolta-magicolor_2300_DL</printer>
		</constraint>
		<constraint sense="false">
		    <printer>Minolta-magicolor_2430_DL</printer>
		</constraint>
		<constraint sense="false">
		    <printer>KONICA_MINOLTA-magicolor_2430_DL</printer>
		</constraint>
		<constraint sense="false">
		    <printer>Minolta-Color_PageWorks_Pro_L</printer>
		</constraint>
	    </constraints>
	</enum_val>
	<enum_val id="ev/foo2zjs-InputSlot-3-2300">
	    <ev_longname> <en>Optional Lower Tray</en> </ev_longname>
	    <ev_shortname> <en>Lower</en> </ev_shortname>
	    <ev_driverval>3</ev_driverval>
	    <constraints>
		<constraint sense="false">
		    <driver>foo2zjs</driver>
		</constraint>
		<constraint sense="false">
		    <driver>foo2zjs-z1</driver>
		</constraint>
		<constraint sense="false">
		    <driver>foo2zjs-z2</driver>
		</constraint>
		<constraint sense="false">
		    <driver>foo2zjs-z3</driver>
		</constraint>
		<constraint sense="true">
		    <printer>Minolta-magicolor_2300_DL</printer>
		</constraint>
		<constraint sense="true">
		    <printer>Minolta-magicolor_2430_DL</printer>
		</constraint>
		<constraint sense="true">
		    <printer>KONICA_MINOLTA-magicolor_2430_DL</printer>
		</constraint>
	    </constraints>
	</enum_val>
	<enum_val id="ev/foo2zjs-InputSlot-3-PageWorks">
	    <ev_longname> <en>Tray 2</en> </ev_longname>
	    <ev_shortname> <en>Tray2</en> </ev_shortname>
	    <ev_driverval>3</ev_driverval>
	    <constraints>
		<constraint sense="false">
		    <driver>foo2zjs</driver>
		</constraint>
		<constraint sense="false">
		    <driver>foo2zjs-z1</driver>
		</constraint>
		<constraint sense="false">
		    <driver>foo2zjs-z2</driver>
		</constraint>
		<constraint sense="false">
		    <driver>foo2zjs-z3</driver>
		</constraint>
		<constraint sense="true">
		    <printer>Minolta-Color_PageWorks_Pro_L</printer>
		</constraint>
	    </constraints>
	</enum_val>
	<enum_val id="ev/foo2zjs-InputSlot-4">
	    <ev_longname> <en>Manual Feed</en> </ev_longname>
	    <ev_shortname> <en>Manual</en> </ev_shortname>
	    <ev_driverval>4</ev_driverval>
	</enum_val>
	<enum_val id="ev/foo2zjs-InputSlot-5">
	    <ev_longname> <en>Envelope</en> </ev_longname>
	    <ev_shortname> <en>Envelope</en> </ev_shortname>
	    <ev_driverval>5</ev_driverval>
	    <constraints>
		<constraint sense="false">
		    <printer>Minolta-magicolor_2200_DL</printer>
		</constraint>
		<constraint sense="false">
		    <printer>Minolta-magicolor_2300_DL</printer>
		</constraint>
		<constraint sense="false">
		    <printer>Minolta-magicolor_2430_DL</printer>
		</constraint>
		<constraint sense="false">
		    <printer>KONICA_MINOLTA-magicolor_2430_DL</printer>
		</constraint>
		<constraint sense="false">
		    <printer>Minolta-Color_PageWorks_Pro_L</printer>
		</constraint>
	    </constraints>
	</enum_val>
	<enum_val id="ev/foo2zjs-InputSlot-5-2200">
	    <ev_longname> <en>Optional Lower Tray</en> </ev_longname>
	    <ev_shortname> <en>Lower</en> </ev_shortname>
	    <ev_driverval>5</ev_driverval>
	    <constraints>
		<constraint sense="false">
		    <driver>foo2zjs</driver>
		</constraint>
		<constraint sense="false">
		    <driver>foo2zjs-z1</driver>
		</constraint>
		<constraint sense="false">
		    <driver>foo2zjs-z2</driver>
		</constraint>
		<constraint sense="false">
		    <driver>foo2zjs-z3</driver>
		</constraint>
		<constraint sense="true">
		    <printer>Minolta-magicolor_2200_DL</printer>
		</constraint>
	    </constraints>
	</enum_val>
	<enum_val id="ev/foo2zjs-InputSlot-7">
	    <ev_longname> <en>Auto Source</en> </ev_longname>
	    <ev_shortname> <en>Auto</en> </ev_shortname>
	    <ev_driverval>7</ev_driverval>
	</enum_val>
    </enum_vals>
</option>
