<option type="int" id="opt/foo2qpdl-ColorAdjustMG">
    <!-- A multilingual <comments> block can appear here, too;
       it should be treated as documentation for the user. -->
    <arg_longname> <en>Color Adjust Magenta-Green</en> </arg_longname>
    <arg_shortname> <en>camg</en> </arg_shortname>
    <arg_execution>
        <arg_group>Color Adjust</arg_group>
	<arg_order>220</arg_order>
	<arg_spot>A</arg_spot>
	<arg_required />
	<arg_substitution />
	<arg_proto>-amg=%s </arg_proto>
    </arg_execution>
    <constraints>
	<constraint sense="true">
	    <driver>foo2qpdl</driver>
	    <arg_defval>50</arg_defval>
	</constraint>
	<constraint sense="false">
	    <make>Samsung</make> <model>CLP-300</model>
	</constraint>
	<constraint sense="false">
	    <make>Samsung</make> <model>CLP-310</model>
	</constraint>
	<constraint sense="false">
	    <make>Samsung</make> <model>CLP-315</model>
	</constraint>
	<constraint sense="false">
	    <make>Samsung</make> <model>CLP-325</model>
	</constraint>
	<constraint sense="false">
	    <make>Samsung</make> <model>CLP-600</model>
	</constraint>
	<constraint sense="false">
	    <make>Samsung</make> <model>CLP-610</model>
	</constraint>
	<constraint sense="false">
	    <make>Samsung</make> <model>CLX-2160</model>
	</constraint>
	<constraint sense="false">
	    <make>Samsung</make> <model>CLX-3160</model>
	</constraint>
	<constraint sense="false">
	    <make>Samsung</make> <model>CLX-3175</model>
	</constraint>
	<constraint sense="false">
	    <make>Samsung</make> <model>CLX-3185</model>
	</constraint>
	<constraint sense="false">
	    <make>Xerox</make> <model>Phaser 6110</model>
	</constraint>
    </constraints>
    <arg_max>100</arg_max>
    <arg_min>0</arg_min>
</option>
