<option type="enum" id="opt/foo2hiperc-MediaType">
    <!-- A multilingual <comments> block can appear here, too;
       it should be treated as documentation for the user. -->
    <arg_longname> <en>Media Type</en> </arg_longname>
    <arg_shortname> <en>MediaType</en> </arg_shortname>
    <arg_execution>
	<arg_group>General</arg_group>
	<arg_order>150</arg_order>
	<arg_spot>A</arg_spot>
	<arg_required />
	<arg_substitution />
	<arg_proto>-m%s </arg_proto>
    </arg_execution>
    <constraints>
	<constraint sense="true">
	    <driver>foo2hiperc</driver>
	    <arg_defval>ev/foo2hiperc-MediaType-0</arg_defval>
	</constraint>
	<constraint sense="true">
	    <driver>foo2hiperc-z1</driver>
	    <arg_defval>ev/foo2hiperc-MediaType-0</arg_defval>
	</constraint>
    </constraints>
    <enum_vals>
	<enum_val id="ev/foo2hiperc-MediaType-0">
	    <ev_longname> <en>Plain Paper</en> </ev_longname>
	    <ev_shortname> <en>plain</en> </ev_shortname>
	    <ev_driverval>0</ev_driverval>
	</enum_val>
	<enum_val id="ev/foo2hiperc-MediaType-1">
	    <ev_longname> <en>Labels</en> </ev_longname>
	    <ev_shortname> <en>labels</en> </ev_shortname>
	    <ev_driverval>1</ev_driverval>
	</enum_val>
	<enum_val id="ev/foo2hiperc-MediaType-2">
	    <ev_longname> <en>Transparency</en> </ev_longname>
	    <ev_shortname> <en>transparency</en> </ev_shortname>
	    <ev_driverval>2</ev_driverval>
	</enum_val>
    </enum_vals>
</option>
