<option type="enum" id="opt/foo2slx-MediaType">
    <!-- A multilingual <comments> block can appear here, too;
       it should be treated as documentation for the user. -->
    <arg_longname> <en>Media Type</en> </arg_longname>
    <arg_shortname> <en>MediaType</en> </arg_shortname>
    <arg_execution>
	<arg_group>General</arg_group>
	<arg_order>150</arg_order>
	<arg_spot>A</arg_spot>
	<arg_required />
	<arg_substitution />
	<arg_proto>-m%s </arg_proto>
    </arg_execution>
    <constraints>
	<constraint sense="true">
	<driver>foo2slx</driver>
	<arg_defval>ev/foo2slx-MediaType-0</arg_defval>
	</constraint>
    </constraints>
    <enum_vals>
	<enum_val id="ev/foo2slx-MediaType-0">
	    <ev_longname> <en>Plain Paper</en> </ev_longname>
	    <ev_shortname> <en>plain</en> </ev_shortname>
	    <ev_driverval>0</ev_driverval>
	</enum_val>
	<enum_val id="ev/foo2slx-MediaType-1">
	    <ev_longname> <en>Transparency</en> </ev_longname>
	    <ev_shortname> <en>transparency</en> </ev_shortname>
	    <ev_driverval>1</ev_driverval>
	</enum_val>
	<enum_val id="ev/foo2slx-MediaType-2">
	    <ev_longname> <en>Labels</en> </ev_longname>
	    <ev_shortname> <en>labels</en> </ev_shortname>
	    <ev_driverval>2</ev_driverval>
	</enum_val>
	<enum_val id="ev/foo2slx-MediaType-3">
	    <ev_longname> <en>Thick 1</en> </ev_longname>
	    <ev_shortname> <en>thick1</en> </ev_shortname>
	    <ev_driverval>3</ev_driverval>
	</enum_val>
	<enum_val id="ev/foo2slx-MediaType-4">
	    <ev_longname> <en>Envelope 1</en> </ev_longname>
	    <ev_shortname> <en>envelope1</en> </ev_shortname>
	    <ev_driverval>4</ev_driverval>
	</enum_val>
	<enum_val id="ev/foo2slx-MediaType-5">
	    <ev_longname> <en>Thin</en> </ev_longname>
	    <ev_shortname> <en>thin</en> </ev_shortname>
	    <ev_driverval>5</ev_driverval>
	</enum_val>
	<enum_val id="ev/foo2slx-MediaType-6">
	    <ev_longname> <en>Thick 2</en> </ev_longname>
	    <ev_shortname> <en>thick2</en> </ev_shortname>
	    <ev_driverval>6</ev_driverval>
	</enum_val>
	<enum_val id="ev/foo2slx-MediaType-7">
	    <ev_longname> <en>Envelope 2</en> </ev_longname>
	    <ev_shortname> <en>envelope2</en> </ev_shortname>
	    <ev_driverval>7</ev_driverval>
	</enum_val>
	<enum_val id="ev/foo2slx-MediaType-8">
	    <ev_longname> <en>Middle</en> </ev_longname>
	    <ev_shortname> <en>middle</en> </ev_shortname>
	    <ev_driverval>8</ev_driverval>
	</enum_val>
	<enum_val id="ev/foo2slx-MediaType-9">
	    <ev_longname> <en>Special</en> </ev_longname>
	    <ev_shortname> <en>special</en> </ev_shortname>
	    <ev_driverval>9</ev_driverval>
	</enum_val>
    </enum_vals>
</option>
