<option type="enum" id="opt/foo2oak-z1-MediaType">
    <!-- A multilingual <comments> block can appear here, too;
       it should be treated as documentation for the user. -->
    <arg_longname> <en>Media Type</en> </arg_longname>
    <arg_shortname> <en>MediaType</en> </arg_shortname>
    <arg_execution>
	<arg_group>General</arg_group>
	<arg_order>150</arg_order>
	<arg_spot>A</arg_spot>
	<arg_required />
	<arg_substitution />
	<arg_proto>-m%s </arg_proto>
    </arg_execution>
    <constraints>
	<constraint sense="true">
	<driver>foo2oak-z1</driver>
	<arg_defval>ev/foo2oak-z1-MediaType-0</arg_defval>
	</constraint>
    </constraints>
    <enum_vals>
	<enum_val id="ev/foo2oak-z1-MediaType-0">
	    <ev_longname> <en>Auto Select</en> </ev_longname>
	    <ev_shortname> <en>Auto</en> </ev_shortname>
	    <ev_driverval>0</ev_driverval>
	</enum_val>
	<enum_val id="ev/foo2oak-z1-MediaType-1">
	    <ev_longname> <en>Plain</en> </ev_longname>
	    <ev_shortname> <en>Plain</en> </ev_shortname>
	    <ev_driverval>1</ev_driverval>
	</enum_val>
	<enum_val id="ev/foo2oak-z1-MediaType-2">
	    <ev_longname> <en>Preprinted</en> </ev_longname>
	    <ev_shortname> <en>Preprinted</en> </ev_shortname>
	    <ev_driverval>2</ev_driverval>
	</enum_val>
	<enum_val id="ev/foo2oak-z1-MediaType-3">
	    <ev_longname> <en>Letterhead</en> </ev_longname>
	    <ev_shortname> <en>Letterhead</en> </ev_shortname>
	    <ev_driverval>3</ev_driverval>
	</enum_val>
	<enum_val id="ev/foo2oak-z1-MediaType-4">
	    <ev_longname> <en>Transparency</en> </ev_longname>
	    <ev_shortname> <en>Transparency</en> </ev_shortname>
	    <ev_driverval>4</ev_driverval>
	</enum_val>
	<enum_val id="ev/foo2oak-z1-MediaType-5">
	    <ev_longname> <en>Prepunched</en> </ev_longname>
	    <ev_shortname> <en>Prepunched</en> </ev_shortname>
	    <ev_driverval>5</ev_driverval>
	</enum_val>
	<enum_val id="ev/foo2oak-z1-MediaType-6">
	    <ev_longname> <en>Labels</en> </ev_longname>
	    <ev_shortname> <en>Labels</en> </ev_shortname>
	    <ev_driverval>6</ev_driverval>
	</enum_val>
	<enum_val id="ev/foo2oak-z1-MediaType-7">
	    <ev_longname> <en>Bond</en> </ev_longname>
	    <ev_shortname> <en>Bond</en> </ev_shortname>
	    <ev_driverval>7</ev_driverval>
	</enum_val>
	<enum_val id="ev/foo2oak-z1-MediaType-8">
	    <ev_longname> <en>Recycled</en> </ev_longname>
	    <ev_shortname> <en>Recycled</en> </ev_shortname>
	    <ev_driverval>8</ev_driverval>
	</enum_val>
	<enum_val id="ev/foo2oak-z1-MediaType-9">
	    <ev_longname> <en>Color</en> </ev_longname>
	    <ev_shortname> <en>Color</en> </ev_shortname>
	    <ev_driverval>9</ev_driverval>
	</enum_val>
	<enum_val id="ev/foo2oak-z1-MediaType-10">
	    <ev_longname> <en>Cardstock</en> </ev_longname>
	    <ev_shortname> <en>Cardstock</en> </ev_shortname>
	    <ev_driverval>10</ev_driverval>
	</enum_val>
	<enum_val id="ev/foo2oak-z1-MediaType-12">
	    <ev_longname> <en>Envelope</en> </ev_longname>
	    <ev_shortname> <en>Envelope</en> </ev_shortname>
	    <ev_driverval>12</ev_driverval>
	</enum_val>
	<enum_val id="ev/foo2oak-z1-MediaType-15">
	    <ev_longname> <en>Vellum</en> </ev_longname>
	    <ev_shortname> <en>Vellum</en> </ev_shortname>
	    <ev_driverval>15</ev_driverval>
	</enum_val>
	<enum_val id="ev/foo2oak-z1-MediaType-16">
	    <ev_longname> <en>Rough</en> </ev_longname>
	    <ev_shortname> <en>Rough</en> </ev_shortname>
	    <ev_driverval>16</ev_driverval>
	</enum_val>
	<enum_val id="ev/foo2oak-z1-MediaType-19">
	    <ev_longname> <en>Thick</en> </ev_longname>
	    <ev_shortname> <en>Thick</en> </ev_shortname>
	    <ev_driverval>19</ev_driverval>
	</enum_val>
	<enum_val id="ev/foo2oak-z1-MediaType-20">
	    <ev_longname> <en>High quality</en> </ev_longname>
	    <ev_shortname> <en>HighQuality</en> </ev_shortname>
	    <ev_driverval>20</ev_driverval>
	</enum_val>
    </enum_vals>
</option>
