<option type="enum" id="opt/foo2lava-PrinterType">
    <!-- A multilingual <comments> block can appear here, too;
       it should be treated as documentation for the user. -->
    <arg_longname> <en>Printer Type</en> </arg_longname>
    <arg_shortname> <en>PrinterType</en> </arg_shortname>
    <arg_execution>
	<arg_group>General</arg_group>
	<arg_order>110</arg_order>
	<arg_spot>A</arg_spot>
	<arg_required />
	<arg_substitution />
	<arg_proto>%s </arg_proto>
    </arg_execution>
    <constraints>
	<constraint sense="false">
	    <driver>foo2lava</driver>
	</constraint>
	<constraint sense="true">
	    <make>KONICA MINOLTA</make>
	    <model>magicolor 2480 MF</model>
	    <driver>foo2lava</driver>
	    <arg_defval>ev/foo2lava-PrinterType-opl</arg_defval>
	</constraint>
	<constraint sense="true">
	    <make>KONICA MINOLTA</make>
	    <model>magicolor 2490 MF</model>
	    <driver>foo2lava</driver>
	    <arg_defval>ev/foo2lava-PrinterType-lavaflow-z0</arg_defval>
	</constraint>
	<constraint sense="true">
	    <make>KONICA MINOLTA</make>
	    <model>magicolor 2530 DL</model>
	    <driver>foo2lava</driver>
	    <arg_defval>ev/foo2lava-PrinterType-lavaflow-z0</arg_defval>
	</constraint>
	<constraint sense="true">
	    <make>Xerox</make>
	    <model>Phaser 6115MFP</model>
	    <driver>foo2lava</driver>
	    <arg_defval>ev/foo2lava-PrinterType-lavaflow-z0</arg_defval>
	</constraint>
	<constraint sense="true">
	    <make>KONICA MINOLTA</make>
	    <model>magicolor 1600W</model>
	    <driver>foo2lava</driver>
	    <arg_defval>ev/foo2lava-PrinterType-lavaflow-z2</arg_defval>
	</constraint>
	<constraint sense="true">
	    <make>KONICA MINOLTA</make>
	    <model>magicolor 1680MF</model>
	    <driver>foo2lava</driver>
	    <arg_defval>ev/foo2lava-PrinterType-lavaflow-z2</arg_defval>
	</constraint>
	<constraint sense="true">
	    <make>KONICA MINOLTA</make>
	    <model>magicolor 1690MF</model>
	    <driver>foo2lava</driver>
	    <arg_defval>ev/foo2lava-PrinterType-lavaflow-z2</arg_defval>
	</constraint>
	<constraint sense="true">
	    <make>KONICA MINOLTA</make>
	    <model>magicolor 4690MF</model>
	    <driver>foo2lava</driver>
	    <arg_defval>ev/foo2lava-PrinterType-lavaflow-z2</arg_defval>
	</constraint>
	<constraint sense="true">
	    <make>Oki</make>
	    <model>C110</model>
	    <driver>foo2lava</driver>
	    <arg_defval>ev/foo2lava-PrinterType-lavaflow-z2</arg_defval>
	</constraint>
	<constraint sense="true">
	    <make>Xerox</make>
	    <model>Phaser 6121MFP</model>
	    <driver>foo2lava</driver>
	    <arg_defval>ev/foo2lava-PrinterType-lavaflow-z2</arg_defval>
	</constraint>
    </constraints>
    <enum_vals>
	<enum_val id="ev/foo2lava-PrinterType-lavaflow-z0">
	    <ev_longname> <en>LAVAFLOW printer z0</en> </ev_longname>
		<!-- A multilingual <comments> block can appear here, too;
		 it should be treated as documentation for the user. -->
	    <ev_shortname> <en>lavaflow_z0</en> </ev_shortname>
	    <ev_driverval>-z0</ev_driverval>
	    <constraints>
	        <constraint sense="false">
		    <driver>foo2lava</driver>
	        </constraint>
	        <constraint sense="true">
		    <driver>foo2lava</driver>
	    	    <make>KONICA MINOLTA</make>
	    	    <model>magicolor 2490 MF</model>
	        </constraint>
	        <constraint sense="true">
		    <driver>foo2lava</driver>
	    	    <make>KONICA MINOLTA</make>
	    	    <model>magicolor 2530 DL</model>
	        </constraint>
		<constraint sense="true">
		    <driver>foo2lava</driver>
		    <make>Xerox</make>
		    <model>Phaser 6115MFP</model>
		</constraint>
	    </constraints>
	</enum_val>
	<enum_val id="ev/foo2lava-PrinterType-opl">
	    <ev_longname> <en>OPL printer</en> </ev_longname>
		<!-- A multilingual <comments> block can appear here, too;
		 it should be treated as documentation for the user. -->
	    <ev_shortname> <en>opl</en> </ev_shortname>
	    <ev_driverval>-z1</ev_driverval>
	    <constraints>
	        <constraint sense="false">
		    <driver>foo2lava</driver>
	        </constraint>
	        <constraint sense="true">
		    <driver>foo2lava</driver>
	    	    <make>KONICA MINOLTA</make>
	    	    <model>magicolor 2480 MF</model>
	        </constraint>
	    </constraints>
	</enum_val>
	<enum_val id="ev/foo2lava-PrinterType-lavaflow-z2">
	    <ev_longname> <en>LAVAFLOW printer z2</en> </ev_longname>
		<!-- A multilingual <comments> block can appear here, too;
		 it should be treated as documentation for the user. -->
	    <ev_shortname> <en>lavaflow_z2</en> </ev_shortname>
	    <ev_driverval>-z2</ev_driverval>
	    <constraints>
	        <constraint sense="false">
		    <driver>foo2lava</driver>
	        </constraint>
	        <constraint sense="true">
		    <driver>foo2lava</driver>
	    	    <make>KONICA MINOLTA</make>
	    	    <model>magicolor 1600W</model>
	        </constraint>
	        <constraint sense="true">
		    <driver>foo2lava</driver>
	    	    <make>KONICA MINOLTA</make>
	    	    <model>magicolor 1680MF</model>
	        </constraint>
	        <constraint sense="true">
		    <driver>foo2lava</driver>
	    	    <make>KONICA MINOLTA</make>
	    	    <model>magicolor 1690MF</model>
	        </constraint>
	        <constraint sense="true">
		    <driver>foo2lava</driver>
	    	    <make>KONICA MINOLTA</make>
	    	    <model>magicolor 4690MF</model>
	        </constraint>
	        <constraint sense="true">
		    <driver>foo2lava</driver>
	    	    <make>Oki</make>
	    	    <model>C110</model>
	        </constraint>
		<constraint sense="true">
		    <driver>foo2lava</driver>
		    <make>Xerox</make>
		    <model>Phaser 6121MFP</model>
		</constraint>
	    </constraints>
	</enum_val>
    </enum_vals>
</option>
