<!--
     foo2zjs-z3
-->
<option type="enum" id="opt/foo2zjs-z3-MediaType">
    <!-- A multilingual <comments> block can appear here, too;
       it should be treated as documentation for the user. -->
    <arg_longname> <en>Media Type</en> </arg_longname>
    <arg_shortname> <en>MediaType</en> </arg_shortname>
    <arg_execution>
	<arg_group>General</arg_group>
	<arg_order>150</arg_order>
	<arg_spot>A</arg_spot>
	<arg_required />
	<arg_substitution />
	<arg_proto>-m%s </arg_proto>
    </arg_execution>
    <constraints>
	<constraint sense="true">
	<driver>foo2zjs-z3</driver>
	<arg_defval>ev/foo2zjs-z3-MediaType-1</arg_defval>
	</constraint>
    </constraints>
    <enum_vals>
	<enum_val id="ev/foo2zjs-z3-MediaType-1">
	    <ev_longname> <en>Standard Paper</en> </ev_longname>
	    <ev_shortname> <en>Standard</en> </ev_shortname>
	    <ev_driverval>1</ev_driverval>
	</enum_val>
	<enum_val id="ev/foo2zjs-z3-MediaType-2">
	    <ev_longname> <en>Transparency</en> </ev_longname>
	    <ev_shortname> <en>Transparency</en> </ev_shortname>
	    <ev_driverval>2</ev_driverval>
	</enum_val>
	<enum_val id="ev/foo2zjs-z3-MediaType-267">
	    <ev_longname> <en>Envelope</en> </ev_longname>
	    <ev_shortname> <en>Envelope</en> </ev_shortname>
	    <ev_driverval>267</ev_driverval>
	</enum_val>
	<enum_val id="ev/foo2zjs-z3-MediaType-513">
	    <ev_longname> <en>Letterhead</en> </ev_longname>
	    <ev_shortname> <en>Letterhead</en> </ev_shortname>
	    <ev_driverval>513</ev_driverval>
	</enum_val>
	<enum_val id="ev/foo2zjs-z3-MediaType-260">
	    <ev_longname> <en>Bond</en> </ev_longname>
	    <ev_shortname> <en>Bond</en> </ev_shortname>
	    <ev_driverval>260</ev_driverval>
	</enum_val>
	<enum_val id="ev/foo2zjs-z3-MediaType-261">
	    <ev_longname> <en>Thick Stock</en> </ev_longname>
	    <ev_shortname> <en>ThickStock</en> </ev_shortname>
	    <ev_driverval>261</ev_driverval>
	</enum_val>
	<enum_val id="ev/foo2zjs-z3-MediaType-263">
	    <ev_longname> <en>Rough</en> </ev_longname>
	    <ev_shortname> <en>Rough</en> </ev_shortname>
	    <ev_driverval>263</ev_driverval>
	</enum_val>
	<enum_val id="ev/foo2zjs-z3-MediaType-262">
	    <ev_longname> <en>Heavy</en> </ev_longname>
	    <ev_shortname> <en>Heavy</en> </ev_shortname>
	    <ev_driverval>262</ev_driverval>
	</enum_val>
	<enum_val id="ev/foo2zjs-z3-MediaType-265">
	    <ev_longname> <en>Labels</en> </ev_longname>
	    <ev_shortname> <en>Labels</en> </ev_shortname>
	    <ev_driverval>265</ev_driverval>
	</enum_val>
	<enum_val id="ev/foo2zjs-z3-MediaType-273">
	    <ev_longname> <en>Vellum</en> </ev_longname>
	    <ev_shortname> <en>Vellum</en> </ev_shortname>
	    <ev_driverval>273</ev_driverval>
	</enum_val>
	<enum_val id="ev/foo2zjs-z3-MediaType-282">
	    <ev_longname> <en>Medium</en> </ev_longname>
	    <ev_shortname> <en>Medium</en> </ev_shortname>
	    <ev_driverval>282</ev_driverval>
	</enum_val>
	<enum_val id="ev/foo2zjs-z3-MediaType-283">
	    <ev_longname> <en>Extra Heavy</en> </ev_longname>
	    <ev_shortname> <en>ExtraHeavy</en> </ev_shortname>
	    <ev_driverval>283</ev_driverval>
	</enum_val>
	<enum_val id="ev/foo2zjs-z3-MediaType-512">
	    <ev_longname> <en>Color</en> </ev_longname>
	    <ev_shortname> <en>Color</en> </ev_shortname>
	    <ev_driverval>512</ev_driverval>
	</enum_val>
	<enum_val id="ev/foo2zjs-z3-MediaType-258">
	    <ev_longname> <en>Light</en> </ev_longname>
	    <ev_shortname> <en>Light</en> </ev_shortname>
	    <ev_driverval>258</ev_driverval>
	</enum_val>
	<enum_val id="ev/foo2zjs-z3-MediaType-514">
	    <ev_longname> <en>Preprinted</en> </ev_longname>
	    <ev_shortname> <en>Preprinted</en> </ev_shortname>
	    <ev_driverval>514</ev_driverval>
	</enum_val>
	<enum_val id="ev/foo2zjs-z3-MediaType-515">
	    <ev_longname> <en>Prepunched</en> </ev_longname>
	    <ev_shortname> <en>Prepunched</en> </ev_shortname>
	    <ev_driverval>515</ev_driverval>
	</enum_val>
	<enum_val id="ev/foo2zjs-z3-MediaType-516">
	    <ev_longname> <en>Recycled</en> </ev_longname>
	    <ev_shortname> <en>Recycled</en> </ev_shortname>
	    <ev_driverval>516</ev_driverval>
	</enum_val>
    </enum_vals>
</option>
