<option type="enum" id="opt/foo2hiperc-PageSize">
    <arg_longname> <en>Page Size</en> </arg_longname>
    <arg_shortname> <en>PageSize</en> </arg_shortname>
    <arg_execution>
	<arg_group>General</arg_group>
	<arg_order>135</arg_order>
	<arg_spot>A</arg_spot>
	<arg_required />
	<arg_substitution />
	<arg_proto>-p%s </arg_proto>
    </arg_execution>
    <constraints>
	<constraint sense="true">
	    <driver>foo2hiperc</driver>
	    <arg_defval>ev/foo2hiperc-PageSize-2</arg_defval>
	</constraint>
	<constraint sense="true">
	    <driver>foo2hiperc-z1</driver>
	    <arg_defval>ev/foo2hiperc-PageSize-2</arg_defval>
	</constraint>
    </constraints>
    <enum_vals>
	<enum_val id="ev/foo2hiperc-PageSize-1">
	    <ev_longname> <en>A4</en> </ev_longname>
	    <ev_shortname> <en>A4</en> </ev_shortname>
	    <ev_driverval>1</ev_driverval>
	</enum_val>
	<enum_val id="ev/foo2hiperc-PageSize-2">
	    <ev_longname> <en>Letter</en> </ev_longname>
	    <ev_shortname> <en>Letter</en> </ev_shortname>
	    <ev_driverval>2</ev_driverval>
	</enum_val>
	<enum_val id="ev/foo2hiperc-PageSize-3">
	    <ev_longname> <en>Legal</en> </ev_longname>
	    <ev_shortname> <en>Legal</en> </ev_shortname>
	    <ev_driverval>3</ev_driverval>
	</enum_val>
	<enum_val id="ev/foo2hiperc-PageSize-4">
	    <ev_longname> <en>Legal 13</en> </ev_longname>
	    <ev_shortname> <en>Legal13</en> </ev_shortname>
	    <ev_driverval>4</ev_driverval>
	</enum_val>
	<enum_val id="ev/foo2hiperc-PageSize-5">
	    <ev_longname> <en>A5</en> </ev_longname>
	    <ev_shortname> <en>A5</en> </ev_shortname>
	    <ev_driverval>5</ev_driverval>
	</enum_val>
	<enum_val id="ev/foo2hiperc-PageSize-6">
	    <ev_longname> <en>B5 (JIS)</en> </ev_longname>
	    <ev_shortname> <en>B5jis</en> </ev_shortname>
	    <ev_driverval>6</ev_driverval>
	</enum_val>
	<enum_val id="ev/foo2hiperc-PageSize-7">
	    <ev_longname> <en>A6</en> </ev_longname>
	    <ev_shortname> <en>A6</en> </ev_shortname>
	    <ev_driverval>7</ev_driverval>
	</enum_val>
	<enum_val id="ev/foo2hiperc-PageSize-8">
	    <ev_longname> <en>Env Monarch</en> </ev_longname>
	    <ev_shortname> <en>EnvMonarch</en> </ev_shortname>
	    <ev_driverval>8</ev_driverval>
	</enum_val>
	<enum_val id="ev/foo2hiperc-PageSize-9">
	    <ev_longname> <en>Env DL</en> </ev_longname>
	    <ev_shortname> <en>EnvDL</en> </ev_shortname>
	    <ev_driverval>9</ev_driverval>
	</enum_val>
	<enum_val id="ev/foo2hiperc-PageSize-10">
	    <ev_longname> <en>Env C5</en> </ev_longname>
	    <ev_shortname> <en>EnvC5</en> </ev_shortname>
	    <ev_driverval>10</ev_driverval>
	</enum_val>
	<enum_val id="ev/foo2hiperc-PageSize-11">
	    <ev_longname> <en>Env #10</en> </ev_longname>
	    <ev_shortname> <en>Env10</en> </ev_shortname>
	    <ev_driverval>11</ev_driverval>
	</enum_val>
	<enum_val id="ev/foo2hiperc-PageSize-12">
	    <ev_longname> <en>Executive</en> </ev_longname>
	    <ev_shortname> <en>Executive</en> </ev_shortname>
	    <ev_driverval>12</ev_driverval>
	</enum_val>
<!--
	<enum_val id="ev/foo2hiperc-PageSize-13">
	    <ev_longname> <en>Env #9</en> </ev_longname>
	    <ev_shortname> <en>Env9</en> </ev_shortname>
	    <ev_driverval>13</ev_driverval>
	</enum_val>
-->
	<enum_val id="ev/foo2hiperc-PageSize-14">
	    <ev_longname> <en>Legal 13.5</en> </ev_longname>
	    <ev_shortname> <en>Legal135</en> </ev_shortname>
	    <ev_driverval>14</ev_driverval>
	</enum_val>
	<enum_val id="ev/foo2hiperc-PageSize-15">
	    <ev_longname> <en>A3</en> </ev_longname>
	    <ev_shortname> <en>A3</en> </ev_shortname>
	    <ev_driverval>15</ev_driverval>
	    <constraints>
		<constraint sense="false">
		    <make>Oki</make><model>C301dn</model>
		</constraint>
		<constraint sense="false">
		    <make>Oki</make><model>C310dn</model>
		</constraint>
		<constraint sense="false">
		    <make>Oki</make><model>C511dn</model>
		</constraint>
		<constraint sense="true">
		    <make>Oki</make><model>C810</model>
		</constraint>
		<constraint sense="false">
		    <make>Oki</make><model>C3100</model>
		</constraint>
		<constraint sense="false">
		    <make>Oki</make><model>C3200</model>
		</constraint>
		<constraint sense="false">
		    <make>Oki</make><model>C3300</model>
		</constraint>
		<constraint sense="false">
		    <make>Oki</make><model>C3400</model>
		</constraint>
		<constraint sense="false">
		    <make>Oki</make><model>C3530 MFP</model>
		</constraint>
		<constraint sense="false">
		    <make>Oki</make><model>C5100</model>
		</constraint>
		<constraint sense="false">
		    <make>Oki</make><model>C5200</model>
		</constraint>
		<constraint sense="false">
		    <make>Oki</make><model>C5500</model>
		</constraint>
		<constraint sense="false">
		    <make>Oki</make><model>C5600</model>
		</constraint>
		<constraint sense="false">
		    <make>Oki</make><model>C5650</model>
		</constraint>
		<constraint sense="false">
		    <make>Oki</make><model>C5800</model>
		</constraint>
		<constraint sense="false">
		    <make>Olivetti</make><model>d-Color P160W</model>
		</constraint>
	    </constraints>
	</enum_val>
	<enum_val id="ev/foo2hiperc-PageSize-16">
	    <ev_longname> <en>Ledger or Tabloid</en> </ev_longname>
	    <ev_shortname> <en>tabloid</en> </ev_shortname>
	    <ev_driverval>16</ev_driverval>
	    <constraints>
		<constraint sense="false">
		    <make>Oki</make><model>C301dn</model>
		</constraint>
		<constraint sense="false">
		    <make>Oki</make><model>C310dn</model>
		</constraint>
		<constraint sense="false">
		    <make>Oki</make><model>C511dn</model>
		</constraint>
		<constraint sense="true">
		    <make>Oki</make><model>C810</model>
		</constraint>
		<constraint sense="false">
		    <make>Oki</make><model>C3100</model>
		</constraint>
		<constraint sense="false">
		    <make>Oki</make><model>C3200</model>
		</constraint>
		<constraint sense="false">
		    <make>Oki</make><model>C3300</model>
		</constraint>
		<constraint sense="false">
		    <make>Oki</make><model>C3400</model>
		</constraint>
		<constraint sense="false">
		    <make>Oki</make><model>C3530 MFP</model>
		</constraint>
		<constraint sense="false">
		    <make>Oki</make><model>C5100</model>
		</constraint>
		<constraint sense="false">
		    <make>Oki</make><model>C5200</model>
		</constraint>
		<constraint sense="false">
		    <make>Oki</make><model>C5500</model>
		</constraint>
		<constraint sense="false">
		    <make>Oki</make><model>C5600</model>
		</constraint>
		<constraint sense="false">
		    <make>Oki</make><model>C5650</model>
		</constraint>
		<constraint sense="false">
		    <make>Oki</make><model>C5800</model>
		</constraint>
		<constraint sense="false">
		    <make>Olivetti</make><model>d-Color P160W</model>
		</constraint>
	    </constraints>
	</enum_val>
	<enum_val id="ev/foo2hiperc-PageSize-Custom">
	    <ev_longname> <en>Custom</en> </ev_longname>
	    <ev_shortname> <en>Custom</en> </ev_shortname>
	    <ev_driverval>Custom.%0x%1</ev_driverval>
	</enum_val>
    </enum_vals>
</option>
