<option type="enum" id="opt/foo2slx-PageSize">
    <!-- A multilingual <comments> block can appear here, too;
       it should be treated as documentation for the user. -->
    <arg_longname> <en>Page Size</en> </arg_longname>
    <arg_shortname> <en>PageSize</en> </arg_shortname>
    <arg_execution>
	<arg_group>General</arg_group>
	<arg_order>135</arg_order>
	<arg_spot>A</arg_spot>
	<arg_required />
	<arg_substitution />
	<arg_proto>-p%s </arg_proto>
    </arg_execution>
    <constraints>
	<constraint sense="true">
	<driver>foo2slx</driver>
	<arg_defval>ev/foo2slx-PageSize-6</arg_defval>
	</constraint>
    </constraints>
    <enum_vals>
	<enum_val id="ev/foo2slx-PageSize-6">
	    <ev_longname> <en>Letter</en> </ev_longname>
	    <ev_shortname> <en>Letter</en> </ev_shortname>
	    <ev_driverval>6</ev_driverval>
	</enum_val>
	<enum_val id="ev/foo2slx-PageSize-9">
	    <ev_longname> <en>Legal</en> </ev_longname>
	    <ev_shortname> <en>Legal</en> </ev_shortname>
	    <ev_driverval>9</ev_driverval>
	</enum_val>
	<enum_val id="ev/foo2slx-PageSize-8">
	    <ev_longname> <en>Executive</en> </ev_longname>
	    <ev_shortname> <en>Executive</en> </ev_shortname>
	    <ev_driverval>8</ev_driverval>
	</enum_val>
	<enum_val id="ev/foo2slx-PageSize-2">
	    <ev_longname> <en>A4</en> </ev_longname>
	    <ev_shortname> <en>A4</en> </ev_shortname>
	    <ev_driverval>2</ev_driverval>
	</enum_val>
	<enum_val id="ev/foo2slx-PageSize-4">
	    <ev_longname> <en>B5</en> </ev_longname>
	    <ev_shortname> <en>B5</en> </ev_shortname>
	    <ev_driverval>4</ev_driverval>
	</enum_val>
	<enum_val id="ev/foo2slx-PageSize-5">
	    <ev_longname> <en>B5iso</en> </ev_longname>
	    <ev_shortname> <en>B5iso</en> </ev_shortname>
	    <ev_driverval>5</ev_driverval>
	</enum_val>
	<enum_val id="ev/foo2slx-PageSize-10">
	    <ev_longname> <en>Env #10</en> </ev_longname>
	    <ev_shortname> <en>Env10</en> </ev_shortname>
	    <ev_driverval>10</ev_driverval>
	</enum_val>
	<enum_val id="ev/foo2slx-PageSize-11">
	    <ev_longname> <en>Env DL</en> </ev_longname>
	    <ev_shortname> <en>EnvDL</en> </ev_shortname>
	    <ev_driverval>11</ev_driverval>
	</enum_val>
	<enum_val id="ev/foo2slx-PageSize-Custom">
	    <ev_longname> <en>Custom</en> </ev_longname>
	    <ev_shortname> <en>Custom</en> </ev_shortname>
	    <ev_driverval>Custom.%0x%1</ev_driverval>
	</enum_val>
    </enum_vals>
</option>
