<option type="enum" id="opt/foo2zjs-Intent">
    <!-- A multilingual <comments> block can appear here, too;
       it should be treated as documentation for the user. -->
    <arg_longname> <en>ICM Color Profile Intent</en> </arg_longname>
    <arg_shortname> <en>Intent</en> </arg_shortname>
    <arg_execution>
        <arg_group>Adjustment</arg_group>
	<arg_order>310</arg_order>
	<arg_spot>A</arg_spot>
	<arg_required />
	<arg_substitution />
	<arg_proto>-I%s </arg_proto>
    </arg_execution>
    <constraints>
	<constraint sense="true">
	    <driver>foo2zjs</driver>
	    <arg_defval>ev/foo2zjs-Intent-0</arg_defval>
	</constraint>
	<constraint sense="true">
	    <driver>foo2zjs-z3</driver>
	    <arg_defval>ev/foo2zjs-Intent-0</arg_defval>
	</constraint>
	<constraint sense="false">
	    <make>HP</make> <model>LaserJet 1000</model>
	</constraint>
	<constraint sense="false">
	    <make>HP</make> <model>LaserJet 1005</model>
	</constraint>
	<constraint sense="false">
	    <make>HP</make> <model>LaserJet 1018</model>
	</constraint>
	<constraint sense="false">
	    <make>HP</make> <model>LaserJet 1020</model>
	</constraint>
	<constraint sense="false">
	    <make>HP</make> <model>LaserJet 1022</model>
	</constraint>
	<constraint sense="false">
	    <make>HP</make> <model>LaserJet Pro P1102</model>
	</constraint>
	<constraint sense="false">
	    <make>HP</make> <model>LaserJet Pro P1102w</model>
	</constraint>
	<constraint sense="false">
	    <make>HP</make> <model>LaserJet Pro P1566</model>
	</constraint>
	<constraint sense="false">
	    <make>HP</make> <model>LaserJet Pro P1606dn</model>
	</constraint>
	<constraint sense="false">
	    <make>HP</make> <model>LaserJet P2035</model>
	</constraint>
	<constraint sense="false">
	    <make>HP</make> <model>LaserJet M1319 MFP</model>
	</constraint>
    </constraints>
    <enum_vals>
	<enum_val id="ev/foo2zjs-Intent-0">
	    <ev_longname> <en>Perceptual Intent</en> </ev_longname>
	    <ev_shortname> <en>Perceptual</en> </ev_shortname>
	    <ev_driverval>0</ev_driverval>
	</enum_val>
	<enum_val id="ev/foo2zjs-Intent-2">
	    <ev_longname> <en>Colorimetric Intent</en> </ev_longname>
	    <ev_shortname> <en>Colorimetric</en> </ev_shortname>
	    <ev_driverval>1</ev_driverval>
	</enum_val>
	<enum_val id="ev/foo2zjs-Intent-3">
	    <ev_longname> <en>Saturation Intent</en> </ev_longname>
	    <ev_shortname> <en>Saturation</en> </ev_shortname>
	    <ev_driverval>2</ev_driverval>
	</enum_val>
	<enum_val id="ev/foo2zjs-Intent-4">
	    <ev_longname> <en>Absolute Intent</en> </ev_longname>
	    <ev_shortname> <en>Absolute</en> </ev_shortname>
	    <ev_driverval>3</ev_driverval>
	</enum_val>
    </enum_vals>
</option>
