<option type="enum" id="opt/foo2qpdl-PrinterType">
    <!-- A multilingual <comments> block can appear here, too;
       it should be treated as documentation for the user. -->
    <arg_longname> <en>Printer Type</en> </arg_longname>
    <arg_shortname> <en>PrinterType</en> </arg_shortname>
    <arg_execution>
	<arg_group>General</arg_group>
	<arg_order>110</arg_order>
	<arg_spot>A</arg_spot>
	<arg_required />
	<arg_substitution />
	<arg_proto>%s </arg_proto>
    </arg_execution>
    <constraints>
	<constraint sense="true">
	    <driver>foo2qpdl</driver>
	    <arg_defval>ev/foo2qpdl-PrinterType-z0</arg_defval>
	</constraint>
	<constraint sense="true">
	    <make>Samsung</make>
	    <model>CLP-310</model>
	    <driver>foo2qpdl</driver>
	    <arg_defval>ev/foo2qpdl-PrinterType-z2</arg_defval>
	</constraint>
	<constraint sense="true">
	    <make>Samsung</make>
	    <model>CLP-315</model>
	    <driver>foo2qpdl</driver>
	    <arg_defval>ev/foo2qpdl-PrinterType-z2</arg_defval>
	</constraint>
	<constraint sense="true">
	    <make>Samsung</make>
	    <model>CLP-325</model>
	    <driver>foo2qpdl</driver>
	    <arg_defval>ev/foo2qpdl-PrinterType-z2</arg_defval>
	</constraint>
	<constraint sense="true">
	    <make>Samsung</make>
	    <model>CLP-365</model>
	    <driver>foo2qpdl</driver>
	    <arg_defval>ev/foo2qpdl-PrinterType-z3</arg_defval>
	</constraint>
	<constraint sense="true">
	    <make>Samsung</make>
	    <model>CLP-600</model>
	    <driver>foo2qpdl</driver>
	    <arg_defval>ev/foo2qpdl-PrinterType-z1</arg_defval>
	</constraint>
	<constraint sense="true">
	    <make>Samsung</make>
	    <model>CLP-610</model>
	    <driver>foo2qpdl</driver>
	    <arg_defval>ev/foo2qpdl-PrinterType-z2</arg_defval>
	</constraint>
	<constraint sense="true">
	    <make>Samsung</make>
	    <model>CLP-620</model>
	    <driver>foo2qpdl</driver>
	    <arg_defval>ev/foo2qpdl-PrinterType-z3</arg_defval>
	</constraint>
	<constraint sense="true">
	    <make>Samsung</make>
	    <model>CLX-3175</model>
	    <driver>foo2qpdl</driver>
	    <arg_defval>ev/foo2qpdl-PrinterType-z2</arg_defval>
	</constraint>
	<constraint sense="true">
	    <make>Samsung</make>
	    <model>CLX-3185</model>
	    <driver>foo2qpdl</driver>
	    <arg_defval>ev/foo2qpdl-PrinterType-z2</arg_defval>
	</constraint>
    </constraints>
    <enum_vals>
	<enum_val id="ev/foo2qpdl-PrinterType-z0">
	    <ev_longname> <en>z0 printer</en> </ev_longname>
		<!-- A multilingual <comments> block can appear here, too;
		 it should be treated as documentation for the user. -->
	    <ev_shortname> <en>z0</en> </ev_shortname>
	    <ev_driverval>-z0</ev_driverval>
	    <constraints>
	        <constraint sense="true">
		    <driver>foo2qpdl</driver>
	        </constraint>
	        <constraint sense="false">
		    <driver>foo2qpdl</driver>
		    <make>Samsung</make>
		    <model>CLP-310</model>
	        </constraint>
	        <constraint sense="false">
		    <driver>foo2qpdl</driver>
		    <make>Samsung</make>
		    <model>CLP-315</model>
	        </constraint>
	        <constraint sense="false">
		    <driver>foo2qpdl</driver>
		    <make>Samsung</make>
		    <model>CLP-325</model>
	        </constraint>
	        <constraint sense="false">
		    <driver>foo2qpdl</driver>
		    <make>Samsung</make>
		    <model>CLP-365</model>
	        </constraint>
	        <constraint sense="false">
		    <driver>foo2qpdl</driver>
		    <make>Samsung</make>
		    <model>CLP-600</model>
	        </constraint>
	        <constraint sense="false">
		    <driver>foo2qpdl</driver>
		    <make>Samsung</make>
		    <model>CLP-610</model>
	        </constraint>
	        <constraint sense="false">
		    <driver>foo2qpdl</driver>
		    <make>Samsung</make>
		    <model>CLP-620</model>
	        </constraint>
	        <constraint sense="false">
		    <driver>foo2qpdl</driver>
		    <make>Samsung</make>
		    <model>CLX-3175</model>
	        </constraint>
	        <constraint sense="false">
		    <driver>foo2qpdl</driver>
		    <make>Samsung</make>
		    <model>CLX-3185</model>
	        </constraint>
	    </constraints>
	</enum_val>
	<enum_val id="ev/foo2qpdl-PrinterType-z1">
	    <ev_longname> <en>z1 printer</en> </ev_longname>
		<!-- A multilingual <comments> block can appear here, too;
		 it should be treated as documentation for the user. -->
	    <ev_shortname> <en>z1</en> </ev_shortname>
	    <ev_driverval>-z1</ev_driverval>
	    <constraints>
	        <constraint sense="false">
		    <driver>foo2qpdl</driver>
	        </constraint>
	        <constraint sense="true">
		    <driver>foo2qpdl</driver>
		    <make>Samsung</make>
		    <model>CLP-600</model>
	        </constraint>
	    </constraints>
	</enum_val>
	<enum_val id="ev/foo2qpdl-PrinterType-z2">
	    <ev_longname> <en>z2 printer</en> </ev_longname>
		<!-- A multilingual <comments> block can appear here, too;
		 it should be treated as documentation for the user. -->
	    <ev_shortname> <en>z2</en> </ev_shortname>
	    <ev_driverval>-z2</ev_driverval>
	    <constraints>
	        <constraint sense="false">
		    <driver>foo2qpdl</driver>
	        </constraint>
	        <constraint sense="true">
		    <driver>foo2qpdl</driver>
		    <make>Samsung</make>
		    <model>CLP-310</model>
	        </constraint>
	        <constraint sense="true">
		    <driver>foo2qpdl</driver>
		    <make>Samsung</make>
		    <model>CLP-315</model>
	        </constraint>
	        <constraint sense="true">
		    <driver>foo2qpdl</driver>
		    <make>Samsung</make>
		    <model>CLP-325</model>
	        </constraint>
	        <constraint sense="true">
		    <driver>foo2qpdl</driver>
		    <make>Samsung</make>
		    <model>CLP-610</model>
	        </constraint>
	        <constraint sense="true">
		    <driver>foo2qpdl</driver>
		    <make>Samsung</make>
		    <model>CLX-3175</model>
	        </constraint>
	        <constraint sense="true">
		    <driver>foo2qpdl</driver>
		    <make>Samsung</make>
		    <model>CLX-3185</model>
	        </constraint>
	    </constraints>
	</enum_val>
	<enum_val id="ev/foo2qpdl-PrinterType-z3">
	    <ev_longname> <en>z3 printer</en> </ev_longname>
		<!-- A multilingual <comments> block can appear here, too;
		 it should be treated as documentation for the user. -->
	    <ev_shortname> <en>z3</en> </ev_shortname>
	    <ev_driverval>-z3</ev_driverval>
	    <constraints>
	        <constraint sense="false">
		    <driver>foo2qpdl</driver>
	        </constraint>
	        <constraint sense="true">
		    <driver>foo2qpdl</driver>
		    <make>Samsung</make>
		    <model>CLP-365</model>
	        </constraint>
	        <constraint sense="true">
		    <driver>foo2qpdl</driver>
		    <make>Samsung</make>
		    <model>CLP-620</model>
	        </constraint>
	    </constraints>
	</enum_val>
    </enum_vals>
</option>
