<option type="int" id="opt/foo2xxx-Copies">
    <!-- A multilingual <comments> block can appear here, too;
       it should be treated as documentation for the user. -->
    <arg_longname> <en>Copies</en> </arg_longname>
    <arg_shortname> <en>Copies</en> </arg_shortname>
    <arg_execution>
        <arg_group>General</arg_group>
	<arg_order>220</arg_order>
	<arg_spot>A</arg_spot>
	<arg_required />
	<arg_substitution />
	<arg_proto>-n%s </arg_proto>
    </arg_execution>
    <constraints>
	<constraint sense="true">
	    <driver>foo2zjs</driver>
	    <arg_defval>1</arg_defval>
	</constraint>
	<constraint sense="true">
	    <driver>foo2zjs-z1</driver>
	    <arg_defval>1</arg_defval>
	</constraint>
	<constraint sense="true">
	    <driver>foo2zjs-z2</driver>
	    <arg_defval>1</arg_defval>
	</constraint>
	<constraint sense="true">
	    <driver>foo2zjs-z3</driver>
	    <arg_defval>1</arg_defval>
	</constraint>
	<constraint sense="true">
	    <driver>foo2oak</driver>
	    <arg_defval>1</arg_defval>
	</constraint>
	<constraint sense="true">
	    <driver>foo2oak-z1</driver>
	    <arg_defval>1</arg_defval>
	</constraint>
	<constraint sense="true">
	    <driver>foo2hp</driver>
	    <arg_defval>1</arg_defval>
	</constraint>
	<constraint sense="true">
	    <driver>foo2xqx</driver>
	    <arg_defval>1</arg_defval>
	</constraint>
	<constraint sense="true">
	    <driver>foo2lava</driver>
	    <arg_defval>1</arg_defval>
	</constraint>
	<constraint sense="true">
	    <driver>foo2qpdl</driver>
	    <arg_defval>1</arg_defval>
	</constraint>
	<constraint sense="true">
	    <driver>foo2slx</driver>
	    <arg_defval>1</arg_defval>
	</constraint>
	<constraint sense="true">
	    <driver>foo2hiperc</driver>
	    <arg_defval>1</arg_defval>
	</constraint>
	<constraint sense="true">
	    <driver>foo2hiperc-z1</driver>
	    <arg_defval>1</arg_defval>
	</constraint>
	<constraint sense="true">
	    <driver>foo2hbpl2</driver>
	    <arg_defval>1</arg_defval>
	</constraint>
    </constraints>
    <arg_max>100</arg_max>
    <arg_min>1</arg_min>
</option>
