<printer id="printer/HP-Color_LaserJet_CP1215">
    <make>HP</make>
    <model>Color LaserJet CP1215</model>
    <mechanism>
	<laser/>
	<color/>
	<resolution>
	    <dpi>
		<x>600</x>
		<y>600</y>
	    </dpi>
	</resolution>
	<margins>
	    <general>
		<unit>inch</unit>
		<top>0.2</top>
		<bottom>0.2</bottom>
		<left>0.25</left>
		<right>0.25</right>
	    </general>
	</margins>
	<consumables>
	    <comments> <en>
		Q6000A  HP Color LaserJet black print cartridge  [Add $75.00]
		Q6001A  HP Color LaserJet cyan print cartridge  [Add $82.00]
		Q6002A  HP Color LaserJet yellow print cartridge  [Add $82.00]
		Q6003A  HP Color LaserJet magenta print cartridge  [Add $82.00]
	    </en> </comments>
	    <partno>Q6000A</partno>
	    <partno>Q6001A</partno>
	    <partno>Q6002A</partno>
	    <partno>Q6003A</partno>
	</consumables>
    </mechanism>
    <url>http://h10010.www1.hp.com/wwpc/us/en/sm/WF05a/18972-18972-3328060-15077-3328070-3422474.html</url>
    <lang>
	<proprietary/>
	<!--no pjl--><!--No "text"?-->
    </lang>
    <autodetect>
        <parallel>
            <ieee1284>MFG:Hewlett-Packard;MDL:HP Color LaserJet CP1215;CMD:ZJS,HBS,PJL,ACL,HTTP;CLS:PRINTER;DES:HP Color LaserJet CP1215;</ieee1284>
            <manufacturer>Hewlett-Packard</manufacturer>
            <model>HP Color LaserJet CP1215</model>
            <commandset>ACL</commandset>
        </parallel>
    </autodetect>
    <functionality>C</functionality>
    <driver>foo2hp</driver>
    <!--not "unverified"--><!--no "contrib_url"-->
    <comments> <en>

	The Color LaserJet CP1215 is color laser printer with a 2008 street
	price of $199 USD.  This printer is supported by the foo2hp
	printer driver.

    </en> </comments>
</printer>
