<printer id="printer/HP-LaserJet_P1005">
  <make>HP</make>
  <model>LaserJet P1005</model>
  <mechanism>
    <laser/><!--not "color"-->
    <resolution>
      <dpi>
        <x>600</x>
        <y>600</y>
      </dpi>
    </resolution>
    <margins>
	<general>
	    <unit>mm</unit>
	    <top>4</top>
	    <bottom>4</bottom>
	    <left>4</left>
	    <right>4</right>
	</general>
    </margins>
    <consumables>
      <comments>
        <en>Print cartridge (1500 prints) - $68</en>
      </comments>
      <partno>CB435A</partno>
    </consumables>
  </mechanism>
  <url>http://h10010.www1.hp.com/wwpc/us/en/sm/WF05a/18972-18972-3328059-14638-3328066-3435674.html</url>
  <lang>
    <proprietary/>
  <!--no pjl--><!--No "text"?--></lang>
  <autodetect>
	<parallel>
	    <ieee1284>MFG:Hewlett-Packard;MDL:HP LaserJet P1005;CMD:ACL;CLS:PRINTER;DES:HP LaserJet P1005;FWVER:20080415;</ieee1284>
            <manufacturer>Hewlett-Packard</manufacturer>
	    <model>HP LaserJet P1005</model>
	    <commandset>XQX</commandset>
	</parallel>
  </autodetect>
  <functionality>B</functionality>
  <driver>foo2xqx</driver>
  <!--no "contrib_url"-->
  <comments>
    <en>

    This printer is supported by the foo2xqx free software printer driver.
    &lt;p&gt;

    </en>
  </comments>
</printer>
